<?xml version="1.0" encoding="utf-8" ?>
<dwsync>
<file name="ImgResponsive_Placeholder.png" server="F:/swiper/t1/" local="131289560649815185" remote="131289560640000000" Dst="0" />
<file name="hero.png" server="F:/swiper/t1/" local="131258301802614624" remote="131258301800000000" Dst="0" />
<file name="title.png" server="F:/swiper/t1/" local="131332728716724581" remote="131332728710000000" Dst="0" />
<file name="additional.png" server="F:/swiper/t1/" local="131258301904240436" remote="131258301900000000" Dst="0" />
<file name="47.png" server="F:/swiper/t1/" local="131258301956213409" remote="131258301950000000" Dst="0" />
<file name="ring.png" server="F:/swiper/t1/" local="131258302376447445" remote="131258302370000000" Dst="0" />
<file name="light.png" server="F:/swiper/t1/" local="131258302224608760" remote="131258302220000000" Dst="0" />
<file name="wave.png" server="F:/swiper/t1/" local="131258302123452975" remote="131258302120000000" Dst="0" />
</dwsync>