<?xml version="1.0" encoding="utf-8" ?>
<dwsync>
<file name="swiper.min.css" server="F:/swiper/t1/" local="131327227427671256" remote="131327227420000000" Dst="0" />
<file name="animate.min.css" server="F:/swiper/t1/" local="131194575380000000" remote="131194575380000000" Dst="0" />
<file name="loading.css" server="F:/swiper/t1/" local="130932472779805773" remote="130932472770000000" Dst="0" />
<file name="index.css" server="F:/swiper/t1/" local="131336236003420041" remote="131336236000000000" Dst="0" />
<file name="hjx1.css" server="F:/swiper/t1/" local="131336237370118212" remote="131336237370000000" Dst="0" />
<file name="bootstrap.min.css" server="F:/swiper/t1/" local="131139068080000000" remote="131139068080000000" Dst="0" />
<file name="bootstrap.css" server="F:/swiper/t1/" local="131289560648879184" remote="131289560640000000" Dst="0" />
<file name="hjx2.css" server="F:/swiper/t1/" local="131335207039876161" remote="131335207030000000" Dst="0" />
</dwsync>