<?xml version="1.0" encoding="utf-8" ?>
<dwsync>
<file name="e2.png" server="F:/swiper/t1/" local="131254777697655911" remote="131254777690000000" Dst="0" />
<file name="e3.png" server="F:/swiper/t1/" local="131254777694945756" remote="131254777690000000" Dst="0" />
<file name="e4.png" server="F:/swiper/t1/" local="131254777693455671" remote="131254777690000000" Dst="0" />
<file name="e0.png" server="F:/swiper/t1/" local="131254777698805977" remote="131254777690000000" Dst="0" />
<file name="e1.png" server="F:/swiper/t1/" local="131254777698105937" remote="131254777690000000" Dst="0" />
<file name="e5.png" server="F:/swiper/t1/" local="131254777689705456" remote="131254777680000000" Dst="0" />
<file name="e6.png" server="F:/swiper/t1/" local="131254777691265546" remote="131254777690000000" Dst="0" />
<file name="e7.png" server="F:/swiper/t1/" local="131254777696915869" remote="131254777690000000" Dst="0" />
<file name="e9.png" server="F:/swiper/t1/" local="131254777696055820" remote="131254777690000000" Dst="0" />
<file name="e10.png" server="F:/swiper/t1/" local="131254786195971987" remote="131254786190000000" Dst="0" />
<file name="e11.png" server="F:/swiper/t1/" local="131254777684685169" remote="131254777680000000" Dst="0" />
<file name="200.png" server="F:/swiper/t1/" local="131254777690495502" remote="131254777690000000" Dst="0" />
<file name="200%.png" server="F:/swiper/t1/" local="131254777691945585" remote="131254777690000000" Dst="0" />
<file name="200%-1.png" server="F:/swiper/t1/" local="131254777687895353" remote="131254777680000000" Dst="0" />
</dwsync>