<?xml version="1.0" encoding="utf-8" ?>
<dwsync>
<file name="icon_up.png" server="F:/swiper/t1/" local="130831342821005003" remote="130831342820000000" Dst="0" />
<file name="cover.png" server="F:/swiper/t1/" local="130831342820965001" remote="130831342820000000" Dst="0" />
<file name="wording_cover.png" server="F:/swiper/t1/" local="130831342821055006" remote="130831342820000000" Dst="0" />
<file name="wording.png" server="F:/swiper/t1/" local="130831342821055006" remote="130831342820000000" Dst="0" />
<file name="circle.png" server="F:/swiper/t1/" local="130831342820955000" remote="130831342820000000" Dst="0" />
<file name="people.png" server="F:/swiper/t1/" local="130831342821025004" remote="130831342820000000" Dst="0" />
<file name="check_develop.png" server="F:/swiper/t1/" local="130831342820914998" remote="130831342820000000" Dst="0" />
<file name="floating_develop.png" server="F:/swiper/t1/" local="130831342820995003" remote="130831342820000000" Dst="0" />
<file name="introduction.png" server="F:/swiper/t1/" local="130831342821015004" remote="130831342820000000" Dst="0" />
<file name="btn_develop.png" server="F:/swiper/t1/" local="130831342820724987" remote="130831342820000000" Dst="0" />
<file name="wording_design.png" server="F:/swiper/t1/" local="130831342821065007" remote="130831342820000000" Dst="0" />
<file name="circle-design.png" server="F:/swiper/t1/" local="130831342820924999" remote="130831342820000000" Dst="0" />
<file name="people_design.png" server="F:/swiper/t1/" local="130831342821035005" remote="130831342820000000" Dst="0" />
<file name="check_design.png" server="F:/swiper/t1/" local="130831342820914998" remote="130831342820000000" Dst="0" />
<file name="floating_design.png" server="F:/swiper/t1/" local="130831342820995003" remote="130831342820000000" Dst="0" />
<file name="introduction_design.png" server="F:/swiper/t1/" local="130831342821015004" remote="130831342820000000" Dst="0" />
<file name="btn_design.png" server="F:/swiper/t1/" local="130831342820704986" remote="130831342820000000" Dst="0" />
<file name="wording_production.png" server="F:/swiper/t1/" local="130831342821065007" remote="130831342820000000" Dst="0" />
<file name="circle-production.png" server="F:/swiper/t1/" local="130831342820945000" remote="130831342820000000" Dst="0" />
<file name="people_production.png" server="F:/swiper/t1/" local="130831342821035005" remote="130831342820000000" Dst="0" />
<file name="check_production.png" server="F:/swiper/t1/" local="130831342820924999" remote="130831342820000000" Dst="0" />
<file name="floating_production.png" server="F:/swiper/t1/" local="130831342821005003" remote="130831342820000000" Dst="0" />
<file name="pic_shadow_production.png" server="F:/swiper/t1/" local="130831342821045006" remote="130831342820000000" Dst="0" />
<file name="introduction_production.png" server="F:/swiper/t1/" local="130831342821015004" remote="130831342820000000" Dst="0" />
<file name="btn_production.png" server="F:/swiper/t1/" local="130831342820904998" remote="130831342820000000" Dst="0" />
<file name="pic_back.png" server="F:/swiper/t1/" local="130831342821045006" remote="130831342820000000" Dst="0" />
<file name="btn_join.png" server="F:/swiper/t1/" local="130831342820744988" remote="130831342820000000" Dst="0" />
<file name="icon-muisc.png" server="F:/swiper/t1/" local="130773622174077787" remote="130773622170000000" Dst="0" />
<file name="music-span.png" server="F:/swiper/t1/" local="130773622174197794" remote="130773622170000000" Dst="0" />
<file name="soli1.jpg" server="F:/swiper/t1/" local="129761135643180045" remote="129761135640000000" Dst="0" />
</dwsync>