<?xml version="1.0" encoding="utf-8" ?>
<dwsync>
<file name="jquery-2.1.4.min.js" server="F:/swiper/t1/" local="130874651819274297" remote="130874651810000000" Dst="0" />
<file name="swiper.min.js" server="F:/swiper/t1/" local="131328133180157839" remote="131328133180000000" Dst="0" />
<file name="loading.js" server="F:/swiper/t1/" local="131335416135034598" remote="131335416130000000" Dst="0" />
<file name="jquery-3.1.1.min.js" server="F:/swiper/t1/" local="131326739797876324" remote="131326739790000000" Dst="0" />
<file name="swiper.animate.countless.js" server="F:/swiper/t1/" local="131028578931187833" remote="131028578930000000" Dst="0" />
<file name="swiper.animate1.0.2.min.js" server="F:/swiper/t1/" local="131327502350995544" remote="131327502350000000" Dst="0" />
<file name="swiper.js" server="F:/swiper/t1/" local="131328137967371652" remote="131328137960000000" Dst="0" />
<file name="bootstrap.js" server="F:/swiper/t1/" local="131139355150000000" remote="131139355150000000" Dst="0" />
<file name="flexible.js" server="F:/swiper/t1/" local="131331954827501551" remote="131331954820000000" Dst="0" />
<file name="flexible_css.js" server="F:/swiper/t1/" local="131254657830000000" remote="131254657830000000" Dst="0" />
<file name="makegrid.js" server="F:/swiper/t1/" local="131332452597159617" remote="131332452590000000" Dst="0" />
<file name="retina.min.js" server="F:/swiper/t1/" local="131332707057186390" remote="131332707050000000" Dst="0" />
<file name="prefixfree.dynamic-dom.js" server="F:/swiper/t1/" local="131334126753272846" remote="131334126750000000" Dst="0" />
<file name="hjx.js" server="F:/swiper/t1/" local="131335151610481915" remote="131335151610000000" Dst="0" />
</dwsync>